{
    "aegis": [
        2.268817204301026,
        2.2114695340502877,
        9.942652329749286
    ],
    "ambrosia_elixir": [
        44.51289398280787,
        24.57306590257859,
        57.822349570200416
    ],
    "amethyst_staff": [
        38.17968750000034,
        5.457031250000256,
        30.37109374999968
    ],
    "apollo_orb": [
        39.679999999999986,
        43.40888888888882,
        62.09777777777802
    ],
    "arams_spear": [
        17.241206030150646,
        36.042713567838874,
        18.665829145728637
    ],
    "avian_feather": [
        19.30555555555589,
        21.315972222222044,
        13.017361111111189
    ],
    "axe_of_muerte": [
        1.836538461538531,
        14.100961538461775,
        36.63942307692278
    ],
    "blade_of_damocles": [
        2.7142857142856354,
        10.389880952381446,
        7.583333333333215
    ],
    "book_of_prophecy": [
        74.74479166666666,
        47.07291666666667,
        19.15104166666668
    ],
    "book_of_shadows": [
        2.025751072961392,
        6.424892703862692,
        41.5321888412016
    ],
    "boots_of_hermes": [
        11.65898617511518,
        18.359447004608143,
        30.30414746543744
    ],
    "bringer_of_ragnarok": [
        0.931451612903242,
        7.927419354838747,
        17.758064516129323
    ],
    "charged_card": [
        8.434944237918174,
        8.973977695167406,
        65.03717472118939
    ],
    "charm_of_the_ancient": [
        91.01456310679606,
        31.689320388349522,
        64.88834951456312
    ],
    "chest_of_contentment": [
        3.2653061224489774,
        9.438775510204003,
        44.326530612245094
    ],
    "cobalt_plate": [
        98.6282722513089,
        38.96858638743457,
        71.96335078534028
    ],
    "coins_of_ebizu": [
        58.558823529411754,
        144.00980392156853,
        173.47058823529434
    ],
    "corrupted_rune_heart": [
        12.987951807228857,
        19.487951807228733,
        17.996987951807085
    ],
    "crown_of_the_constellation": [
        39.42052980132463,
        37.00331125827824,
        17.155629139073007
    ],
    "divine_chalice": [
        12.327526132404042,
        10.452961672474153,
        4.2961672473869115
    ],
    "divine_retribution": [
        4.4909747292418025,
        15.306859205776089,
        49.94584837545077
    ],
    "drunken_hammer": [
        18.417355371900836,
        95.66528925619832,
        33.89256198347106
    ],
    "durendal_sword": [
        0.36288088642651317,
        10.786703601108204,
        25.46814404432176
    ],
    "earrings_of_portarra": [
        50.344311377245546,
        21.221556886227305,
        29.95209580838327
    ],
    "egg_of_fortune": [
        46.40454545454571,
        38.568181818181856,
        0.8727272727272144
    ],
    "elixir_of_eden": [
        4.861486486486466,
        19.206081081080796,
        10.874999999999918
    ],
    "essence_of_the_kitsune": [
        43.27272727272725,
        26.344497607655512,
        32.86124401913867
    ],
    "evergrowing_stack": [
        0.03846153846153677,
        37.93406593406582,
        78.33516483516514
    ],
    "fagins_grip": [
        82.38432835820896,
        77.42537313432838,
        36.06343283582087
    ],
    "flute_of_the_soloist": [
        88.60231660231675,
        36.01930501930527,
        19.104247104247293
    ],
    "foliage_of_the_keeper": [
        5.895348837209305,
        18.414728682170683,
        64.72868217054236
    ],
    "forbidden_scroll": [
        2.3218390804597497,
        3.2931034482759856,
        12.770114942528508
    ],
    "fruit_of_eden": [
        2.4517766497462503,
        16.30964467005056,
        0.7055837563451988
    ],
    "furies_bow": [
        51.86082474226812,
        30.095360824742407,
        54.88659793814431
    ],
    "glacial_axe": [
        145.64383561643848,
        120.03196347031971,
        4.392694063926942
    ],
    "glove_of_kuma": [
        103.93181818181822,
        69.27727272727272,
        28.759090909090958
    ],
    "great_fay_medallion": [
        16.955665024630527,
        56.02955665024626,
        97.61576354679812
    ],
    "heart_of_storms": [
        109.75576036866353,
        79.87557603686636,
        20.788018433179676
    ],
    "heavenly_sword": [
        43.960352422907505,
        21.171806167401115,
        25.625550660792683
    ],
    "helheim_skull": [
        21.418181818181665,
        22.85000000000001,
        36.66363636363607
    ],
    "helmet_of_madness": [
        9.501818181818464,
        10.101818181818345,
        3.098181818181885
    ],
    "helm_of_hermes": [
        15.238095238095223,
        130.96296296296308,
        223.7513227513225
    ],
    "heroic_shield": [
        2.1365638766519703,
        18.154185022026436,
        67.9030837004405
    ],
    "heros_blade": [
        7.4951923076922,
        26.081730769230496,
        12.105769230769344
    ],
    "hourglass_of_the_impatient": [
        16.478632478632566,
        18.209401709401916,
        48.57264957264974
    ],
    "hunters_ointment": [
        21.80086580086585,
        15.939393939393831,
        3.181818181818217
    ],
    "infinity_pendulum": [
        57.77749360613818,
        52.57800511508919,
        29.17135549872141
    ],
    "influential_elixir": [
        13.162629757785105,
        5.325259515570906,
        18.12802768166098
    ],
    "invaders_gjallarhorn": [
        16.65789473684211,
        21.644736842105157,
        52.47039473684194
    ],
    "invaders_shield": [
        27.27125506072857,
        96.3319838056681,
        179.6882591093119
    ],
    "khrysos_bowl": [
        10.790476190476213,
        29.190476190475962,
        64.75714285714322
    ],
    "laborers_pendant": [
        46.325581395348465,
        42.69102990033267,
        1.0066445182724895
    ],
    "lost_kings_mask": [
        16.387434554973826,
        114.69633507853396,
        177.3350785340315
    ],
    "lucky_foot_of_almiraj": [
        36.743506493506494,
        35.0714285714282,
        33.48376623376629
    ],
    "moonlight_bracelet": [
        27.400503778337857,
        10.100755667506434,
        23.08564231738033
    ],
    "morgelai_sword": [
        41.57989690721647,
        46.270618556700754,
        14.654639175257511
    ],
    "mystical_beans_of_senzu": [
        16.429878048780495,
        20.387195121951358,
        15.317073170731689
    ],
    "mystic_staff": [
        49.76546391752528,
        39.100515463917276,
        11.788659793814391
    ],
    "neko_sculpture": [
        2.5541666666666405,
        3.75416666666667,
        86.65416666666702
    ],
    "oak_staff": [
        0.3251231527093861,
        9.389162561576633,
        19.049261083744042
    ],
    "oaths_burden": [
        41.17424242424261,
        36.867424242423965,
        14.719696969696784
    ],
    "oberon_pendant": [
        34.127819548872395,
        43.778195488721714,
        13.796992481202857
    ],
    "old_kings_stamp": [
        21.90946502057612,
        47.037037037036846,
        15.814814814815009
    ],
    "oryans_charm": [
        53.48113207547154,
        31.38050314465396,
        26.286163522012707
    ],
    "parchment_of_foresight": [
        11.545454545454554,
        94.26767676767672,
        90.24242424242426
    ],
    "phantom_timepiece": [
        161.41436464088366,
        171.2486187845301,
        192.9005524861879
    ],
    "quill_of_scrolls": [
        74.87430167597746,
        32.96089385474882,
        10.790502793296014
    ],
    "ringing_stone": [
        61.07586206896555,
        42.22413793103436,
        2.6655172413792414
    ],
    "ring_of_calisto": [
        4.102459016393553,
        10.90163934426242,
        49.12295081967241
    ],
    "ring_of_fealty": [
        51.8203389830507,
        30.755932203389897,
        15.199999999999662
    ],